-- MySQL Script generated by MySQL Workbench
-- Fri Jan 14 21:45:29 2022
-- Model: New Model    Version: 1.0
-- MySQL Workbench Forward Engineering

SET @OLD_UNIQUE_CHECKS=@@UNIQUE_CHECKS, UNIQUE_CHECKS=0;
SET @OLD_FOREIGN_KEY_CHECKS=@@FOREIGN_KEY_CHECKS, FOREIGN_KEY_CHECKS=0;
SET @OLD_SQL_MODE=@@SQL_MODE, SQL_MODE='TRADITIONAL,ALLOW_INVALID_DATES';

-- -----------------------------------------------------
-- Schema mydb
-- -----------------------------------------------------

-- -----------------------------------------------------
-- Schema mydb
-- -----------------------------------------------------
CREATE SCHEMA IF NOT EXISTS `mydb` DEFAULT CHARACTER SET utf8 ;
USE `mydb` ;

-- -----------------------------------------------------
-- Table `mydb`.`AccountLevel`
-- -----------------------------------------------------
CREATE TABLE IF NOT EXISTS `mydb`.`AccountLevel` (
  `idAccountLevel` INT NOT NULL AUTO_INCREMENT,
  `Name` VARCHAR(45) NULL,
  PRIMARY KEY (`idAccountLevel`))
ENGINE = InnoDB;

--
-- Dumping data for table `accountlevel`
--

INSERT INTO `accountlevel` (`idAccountLevel`, `Name`) VALUES
(3, 'User'),
(4, 'Tutor'),
(5, 'Admin');


-- -----------------------------------------------------
-- Table `mydb`.`User`
-- -----------------------------------------------------
CREATE TABLE IF NOT EXISTS `mydb`.`User` (
  `idUser` INT NOT NULL AUTO_INCREMENT,
  `FirstName` VARCHAR(70) NULL,
  `LastName` VARCHAR(70) NULL,
  `Email` VARCHAR(100) NULL,
  `Password` VARCHAR(100) NULL,
  `CreateDate` DATETIME NULL,
  `Status` TINYINT NULL,
  `AccountLevel_idAccountLevel` INT NOT NULL,
  `Lastupdated` DATETIME NULL,
  PRIMARY KEY (`idUser`, `AccountLevel_idAccountLevel`),
  INDEX `fk_User_AccountLevel1_idx` (`AccountLevel_idAccountLevel` ASC),
  CONSTRAINT `fk_User_AccountLevel1`
    FOREIGN KEY (`AccountLevel_idAccountLevel`)
    REFERENCES `mydb`.`AccountLevel` (`idAccountLevel`)
    ON DELETE NO ACTION
    ON UPDATE NO ACTION)
ENGINE = InnoDB;

INSERT INTO `user` (`idUser`, `FirstName`, `LastName`, `Email`, `Password`, `CreateDate`, `Status`, `AccountLevel_idAccountLevel`, `Lastupdated`) VALUES
(1, 'TestNicolai', 'Schönenberger', 'Leon@leon.ch', '$2y$10$.nVZZuUOP4haihzONlONp.HbcF5..SQOM4a/F3TChehMV5y/AwB.K', '2021-12-05 18:20:14', 0, 5, '2021-12-23 11:36:48'),
(5, 'Dominik', 'Vogt', 'dominik.vogt@iubh-fernstudium.de', '124343123124123412', NULL, 0, 3, '2021-12-05 12:57:35'),
(10, 'Leon', 'Privat', 'leon.schoenenberger@gmx.ch', '$2y$10$bTSJ8uSCLEol2eOEic3YQudNpxCPAxMkOG3DaHaMMWHVXnFuvtCXO', '2021-12-08 01:34:04', 0, 5, NULL),
(15, 'Kevin1', 'test', 'Kevin@test.com', '$2y$10$C.oP9kXw82lQsVMGJbcRhO7hKBfFfRFGvUPbQEMVFtXu1.rZoBR8S', '2021-12-23 12:09:59', 0, 3, NULL),
(16, 'Nicolai', 'Rasch', 'Nicolai.Rasch@iubh-fernstudiuum.de', '$2y$10$ltoDNQXtPgFntq4Mvio.o.Wom9f.9AanZr.3BcZ3lSWrlTBVSHud2', '2021-12-23 12:26:59', 0, 5, NULL),
(17, 'dev', 'dev', 'dev@iubh-fernstudiuum.de', '$2y$10$NX3QO8ecDLZpDiBmpgDaFePquuoEXmiJ4zPQf3K0/VPnYbdorc39W', '2022-01-02 05:43:18', 0, 5, NULL);
-- -----------------------------------------------------
-- Table `mydb`.`Subject`
-- -----------------------------------------------------
CREATE TABLE IF NOT EXISTS `mydb`.`Subject` (
  `idSubject` INT NOT NULL AUTO_INCREMENT,
  `Name` VARCHAR(200) NULL,
  `Creator_idUser` INT NOT NULL,
  `CreateDate` DATETIME NULL,
  `ShortName` VARCHAR(45) NULL,
  `Active` TINYINT NULL,
  PRIMARY KEY (`idSubject`, `Creator_idUser`),
  INDEX `fk_Subject_User1_idx` (`Creator_idUser` ASC),
  CONSTRAINT `fk_Subject_User1`
    FOREIGN KEY (`Creator_idUser`)
    REFERENCES `mydb`.`User` (`idUser`)
    ON DELETE NO ACTION
    ON UPDATE NO ACTION)
ENGINE = InnoDB;


INSERT INTO `subject` (`idSubject`, `Name`, `Creator_idUser`, `CreateDate`, `ShortName`, `Active`) VALUES
(1, 'Finanzbuchhaltung', 1, '2021-12-05 13:12:17', 'BFIN1', 0),
(3, 'Interne Buchhaltung', 1, '2021-12-05 13:17:19', 'BKLR', 1),
(5, 'Software', 10, '2021-12-09 05:32:01', 'esfs', 1);

-- -----------------------------------------------------
-- Table `mydb`.`category`
-- -----------------------------------------------------
CREATE TABLE IF NOT EXISTS `mydb`.`category` (
  `idcategory` INT NOT NULL AUTO_INCREMENT,
  `Subject_idSubject` INT NOT NULL,
  `Name` VARCHAR(200) NULL,
  `Creator_idUser` INT NOT NULL,
  `CreateDate` DATETIME NULL,
  PRIMARY KEY (`idcategory`, `Subject_idSubject`, `Creator_idUser`),
  INDEX `fk_category_Subject1_idx` (`Subject_idSubject` ASC),
  INDEX `fk_category_User1_idx` (`Creator_idUser` ASC),
  CONSTRAINT `fk_category_Subject1`
    FOREIGN KEY (`Subject_idSubject`)
    REFERENCES `mydb`.`Subject` (`idSubject`)
    ON DELETE NO ACTION
    ON UPDATE NO ACTION,
  CONSTRAINT `fk_category_User1`
    FOREIGN KEY (`Creator_idUser`)
    REFERENCES `mydb`.`User` (`idUser`)
    ON DELETE NO ACTION
    ON UPDATE NO ACTION)
ENGINE = InnoDB;


INSERT INTO `category` (`idcategory`, `Subject_idSubject`, `Name`, `Creator_idUser`, `CreateDate`) VALUES
(1, 1, 'Kapitel 1', 1, '2021-12-05 13:29:33');

-- -----------------------------------------------------
-- Table `mydb`.`Question`
-- -----------------------------------------------------
CREATE TABLE IF NOT EXISTS `mydb`.`Question` (
  `idQuestion` INT NOT NULL AUTO_INCREMENT,
  `category_idcategory` INT NOT NULL,
  `QuestionDescription` LONGTEXT NULL,
  `Creator_idUser` INT NOT NULL,
  `Approved` TINYINT NULL,
  `Approver_idUser` INT NULL,
  `CreateDate` DATETIME NULL,
  PRIMARY KEY (`idQuestion`, `category_idcategory`, `Creator_idUser`),
  INDEX `fk_Question_category1_idx` (`category_idcategory` ASC),
  INDEX `fk_Question_User1_idx` (`Creator_idUser` ASC),
  INDEX `fk_Question_User2_idx` (`Approver_idUser` ASC),
  CONSTRAINT `fk_Question_category1`
    FOREIGN KEY (`category_idcategory`)
    REFERENCES `mydb`.`category` (`idcategory`)
    ON DELETE NO ACTION
    ON UPDATE NO ACTION,
  CONSTRAINT `fk_Question_User1`
    FOREIGN KEY (`Creator_idUser`)
    REFERENCES `mydb`.`User` (`idUser`)
    ON DELETE NO ACTION
    ON UPDATE NO ACTION,
  CONSTRAINT `fk_Question_User2`
    FOREIGN KEY (`Approver_idUser`)
    REFERENCES `mydb`.`User` (`idUser`)
    ON DELETE NO ACTION
    ON UPDATE NO ACTION)
ENGINE = InnoDB;

INSERT INTO `question` (`idQuestion`, `category_idcategory`, `QuestionDescription`, `Creator_idUser`, `Approved`, `Approver_idUser`, `CreateDate`) VALUES
(1, 1, 'Rollen im finanzmanagement', 1, 1, 1, '2021-12-06 00:00:16'),
(2, 1, 'Aufgaben controller', 1, 1, 1, '2021-12-06 00:03:29'),
(4, 1, 'Aufgaben vom treasuer', 1, NULL, 1, '2021-12-07 15:06:09'),
(8, 1, 'Aufgaben vom treasuer', 1, NULL, 1, '2021-12-07 15:18:56'),
(17, 1, 'Aufgaben vom treasuer', 17, NULL, 17, '2022-01-14 12:24:06');

-- -----------------------------------------------------
-- Table `mydb`.`Answers`
-- -----------------------------------------------------
CREATE TABLE IF NOT EXISTS `mydb`.`Answers` (
  `idAnswers` INT NOT NULL AUTO_INCREMENT,
  `Question_idQuestion` INT NOT NULL,
  `Description` LONGTEXT NULL,
  `Truth` TINYINT NULL,
  PRIMARY KEY (`idAnswers`, `Question_idQuestion`),
  INDEX `fk_Answers_Question_idx` (`Question_idQuestion` ASC),
  CONSTRAINT `fk_Answers_Question`
    FOREIGN KEY (`Question_idQuestion`)
    REFERENCES `mydb`.`Question` (`idQuestion`)
    ON DELETE NO ACTION
    ON UPDATE NO ACTION)
ENGINE = InnoDB;

INSERT INTO `answers` (`idAnswers`, `Question_idQuestion`, `Description`, `Truth`) VALUES
(1, 1, 'Vorstand', 1),
(2, 1, 'CFO', 1),
(3, 1, 'Controller', 1),
(4, 1, 'treseur', 1),
(5, 2, 'Steuern', 1),
(6, 4, 'Auszahlung', 0),
(7, 4, 'Einzahlung', 0),
(9, 4, 'Steuern', 1);

-- -----------------------------------------------------
-- Table `mydb`.`Quiz`
-- -----------------------------------------------------
CREATE TABLE IF NOT EXISTS `mydb`.`Quiz` (
  `idQuiz` INT NOT NULL AUTO_INCREMENT,
  `PlayDate` DATETIME NULL,
  `Subject_idSubject` INT NOT NULL,
  `Creator_idUser` INT NOT NULL,
  `Joiner_idUser1` INT NULL,
  PRIMARY KEY (`idQuiz`, `Subject_idSubject`, `Creator_idUser`),
  INDEX `fk_Quiz_Subject1_idx` (`Subject_idSubject` ASC),
  INDEX `fk_Quiz_User1_idx` (`Creator_idUser` ASC),
  INDEX `fk_Quiz_User2_idx` (`Joiner_idUser1` ASC),
  CONSTRAINT `fk_Quiz_Subject1`
    FOREIGN KEY (`Subject_idSubject`)
    REFERENCES `mydb`.`Subject` (`idSubject`)
    ON DELETE NO ACTION
    ON UPDATE NO ACTION,
  CONSTRAINT `fk_Quiz_User1`
    FOREIGN KEY (`Creator_idUser`)
    REFERENCES `mydb`.`User` (`idUser`)
    ON DELETE NO ACTION
    ON UPDATE NO ACTION,
  CONSTRAINT `fk_Quiz_User2`
    FOREIGN KEY (`Joiner_idUser1`)
    REFERENCES `mydb`.`User` (`idUser`)
    ON DELETE NO ACTION
    ON UPDATE NO ACTION)
ENGINE = InnoDB;


-- -----------------------------------------------------
-- Table `mydb`.`Rounds`
-- -----------------------------------------------------
CREATE TABLE IF NOT EXISTS `mydb`.`Rounds` (
  `idRounds` INT NOT NULL AUTO_INCREMENT,
  `Quiz_idQuiz` INT NOT NULL,
  `category_idcategory` INT NOT NULL,
  PRIMARY KEY (`idRounds`, `Quiz_idQuiz`, `category_idcategory`),
  INDEX `fk_Rounds_Quiz1_idx` (`Quiz_idQuiz` ASC),
  INDEX `fk_Rounds_category1_idx` (`category_idcategory` ASC),
  CONSTRAINT `fk_Rounds_Quiz1`
    FOREIGN KEY (`Quiz_idQuiz`)
    REFERENCES `mydb`.`Quiz` (`idQuiz`)
    ON DELETE NO ACTION
    ON UPDATE NO ACTION,
  CONSTRAINT `fk_Rounds_category1`
    FOREIGN KEY (`category_idcategory`)
    REFERENCES `mydb`.`category` (`idcategory`)
    ON DELETE NO ACTION
    ON UPDATE NO ACTION)
ENGINE = InnoDB;


-- -----------------------------------------------------
-- Table `mydb`.`Question_has_Rounds`
-- -----------------------------------------------------
CREATE TABLE IF NOT EXISTS `mydb`.`Question_has_Rounds` (
  `Question_idQuestion` INT NOT NULL,
  `Rounds_idRounds` INT NOT NULL,
  `User_idUser` INT NOT NULL,
  `Answers_idAnswers` INT NOT NULL,
  `Score` INT NULL,
  PRIMARY KEY (`Question_idQuestion`, `Rounds_idRounds`, `User_idUser`, `Answers_idAnswers`),
  INDEX `fk_Question_has_Rounds_Rounds1_idx` (`Rounds_idRounds` ASC),
  INDEX `fk_Question_has_Rounds_Question1_idx` (`Question_idQuestion` ASC),
  INDEX `fk_Question_has_Rounds_User1_idx` (`User_idUser` ASC),
  INDEX `fk_Question_has_Rounds_Answers1_idx` (`Answers_idAnswers` ASC),
  CONSTRAINT `fk_Question_has_Rounds_Question1`
    FOREIGN KEY (`Question_idQuestion`)
    REFERENCES `mydb`.`Question` (`idQuestion`)
    ON DELETE NO ACTION
    ON UPDATE NO ACTION,
  CONSTRAINT `fk_Question_has_Rounds_Rounds1`
    FOREIGN KEY (`Rounds_idRounds`)
    REFERENCES `mydb`.`Rounds` (`idRounds`)
    ON DELETE NO ACTION
    ON UPDATE NO ACTION,
  CONSTRAINT `fk_Question_has_Rounds_User1`
    FOREIGN KEY (`User_idUser`)
    REFERENCES `mydb`.`User` (`idUser`)
    ON DELETE NO ACTION
    ON UPDATE NO ACTION,
  CONSTRAINT `fk_Question_has_Rounds_Answers1`
    FOREIGN KEY (`Answers_idAnswers`)
    REFERENCES `mydb`.`Answers` (`idAnswers`)
    ON DELETE NO ACTION
    ON UPDATE NO ACTION)
ENGINE = InnoDB;


SET SQL_MODE=@OLD_SQL_MODE;
SET FOREIGN_KEY_CHECKS=@OLD_FOREIGN_KEY_CHECKS;
SET UNIQUE_CHECKS=@OLD_UNIQUE_CHECKS;
